INSERT INTO `owners` (`id`, `company_name`, `business_type`, `is_driver_pin_required`, `created_at`, `created_by`, `updated_at`, `updated_by`) VALUES 
('10001', 'American Shuttle', '1', '1', '2017-08-30 00:00:00', '1', '2017-08-30 00:00:00', '1'),
('10002', 'Beverly Hills Cab Co.', '2', '1', '2017-08-30 00:00:00', '1', '2017-08-30 00:00:00', '1'),
('10003', 'Cool Cabs', '1', '1', '2017-08-30 00:00:00', '1', '2017-08-30 00:00:00', '1'),
('10004', 'Friendly Taxi', '1', '1', '2017-08-30 00:00:00', '1', '2017-08-30 00:00:00', '1'),
('10005', 'Prestige Taxi', '2', '1', '2017-08-30 00:00:00', '1', '2017-08-30 00:00:00', '1');

INSERT INTO `images` (`id`, `url`, `created_at`, `created_by`, `updated_at`, `updated_by`) VALUES 
('10001', 'https://goo.gl/ZxCiyJ', '2017-08-30 00:00:00', '1', '2017-08-30 00:00:00', '1'),
('10002', 'https://goo.gl/ZxCiyJ', '2017-08-30 00:00:00', '1', '2017-08-30 00:00:00', '1'),
('10003', 'https://goo.gl/ZxCiyJ', '2017-08-30 00:00:00', '1', '2017-08-30 00:00:00', '1'),
('10004', 'https://goo.gl/ZxCiyJ', '2017-08-30 00:00:00', '1', '2017-08-30 00:00:00', '1'),
('10005', 'https://goo.gl/ZxCiyJ', '2017-08-30 00:00:00', '1', '2017-08-30 00:00:00', '1'),
('10006', 'https://goo.gl/ZxCiyJ', '2017-08-30 00:00:00', '1', '2017-08-30 00:00:00', '1'),
('10007', 'https://goo.gl/ZxCiyJ', '2017-08-30 00:00:00', '1', '2017-08-30 00:00:00', '1'),
('10008', 'https://goo.gl/ZxCiyJ', '2017-08-30 00:00:00', '1', '2017-08-30 00:00:00', '1'),
('10009', 'https://goo.gl/ZxCiyJ', '2017-08-30 00:00:00', '1', '2017-08-30 00:00:00', '1'),
('10010', 'https://goo.gl/ZxCiyJ', '2017-08-30 00:00:00', '1', '2017-08-30 00:00:00', '1'),
('10011', 'https://goo.gl/ZxCiyJ', '2017-08-30 00:00:00', '1', '2017-08-30 00:00:00', '1'),
('10012', 'https://goo.gl/ZxCiyJ', '2017-08-30 00:00:00', '1', '2017-08-30 00:00:00', '1'),
('10013', 'https://goo.gl/ZxCiyJ', '2017-08-30 00:00:00', '1', '2017-08-30 00:00:00', '1'),
('10014', 'https://goo.gl/ZxCiyJ', '2017-08-30 00:00:00', '1', '2017-08-30 00:00:00', '1'),
('10015', 'https://goo.gl/ZxCiyJ', '2017-08-30 00:00:00', '1', '2017-08-30 00:00:00', '1'),
('10016', 'https://goo.gl/ZxCiyJ', '2017-08-30 00:00:00', '1', '2017-08-30 00:00:00', '1'),
('10017', 'https://goo.gl/ZxCiyJ', '2017-08-30 00:00:00', '1', '2017-08-30 00:00:00', '1'),
('10018', 'https://goo.gl/ZxCiyJ', '2017-08-30 00:00:00', '1', '2017-08-30 00:00:00', '1'),
('10019', 'https://goo.gl/ZxCiyJ', '2017-08-30 00:00:00', '1', '2017-08-30 00:00:00', '1'),
('10020', 'https://goo.gl/ZxCiyJ', '2017-08-30 00:00:00', '1', '2017-08-30 00:00:00', '1');

INSERT INTO `drivers` (`id`, `owner_id`, `profile_image_id`, `last_name`, `last_name_kana`, `first_name`, `first_name_kana`, `introduction`, `hobby`, `phone_number`, `birthday`, `pin`, `preferred_area`, `rating_sum`, `status`, `created_at`, `created_by`, `updated_at`, `updated_by`) VALUES 
('10001', '10001', '10001', 'John', 'Cena', 'Mif', 'Redwan', 'I am not a driver', 'Dance', '021654544', '1985-08-31 00:00:00', '123', 'Moghbazar', '100', '1', '2017-08-30 00:00:00', '1', '2017-08-30 00:00:00', '1'),
('10002', '10002', '10002', 'Elbert', 'kana', 'Einstine', 'san', 'I am not a driver', 'Dance', '021654544', '1985-08-31 00:00:00', '123', 'Moghbazar', '100', '1', '2017-08-30 00:00:00', '1', '2017-08-30 00:00:00', '1'),
('10003', '10003', '10003', 'Newton', 'kana', 'Ijack', 'san', 'I am not a driver', 'Reading', '021654544', '1985-08-31 00:00:00', '123', 'vola', '100', '1', '2017-08-30 00:00:00', '1', '2017-08-30 00:00:00', '1'),
('10004', '10004', '10004', 'Hobbes', 'kana', 'Robert', 'san', 'I am not a driver', 'Sing', '021654544', '1985-08-31 00:00:00', '123', 'Barisal', '100', '1', '2017-08-30 00:00:00', '1', '2017-08-30 00:00:00', '1'),
('10005', '10005', '10005', 'Verjil', 'kana', 'David', 'san', 'I am not a driver', 'Dance', '021654544', '1985-08-31 00:00:00', '123', 'Dinajpur', '100', '1', '2017-08-30 00:00:00', '1', '2017-08-30 00:00:00', '1'),
('10006', '10001', '10006', 'Taylor', 'Cena', 'Swift', 'Redwan', 'I am not a driver', 'Dance', '021654544', '1985-08-31 00:00:00', '123', 'Moghbazar', '100', '1', '2017-08-30 00:00:00', '1', '2017-08-30 00:00:00', '1'),
('10007', '10002', '10007', 'Adele', 'kana', 'Lora', 'san', 'I am not a driver', 'Dance', '021654544', '1985-08-31 00:00:00', '123', 'Moghbazar', '100', '1', '2017-08-30 00:00:00', '1', '2017-08-30 00:00:00', '1'),
('10008', '10003', '10008', 'Britney', 'kana', 'Spears', 'san', 'I am not a driver', 'Reading', '021654544', '1985-08-31 00:00:00', '123', 'vola', '100', '1', '2017-08-30 00:00:00', '1', '2017-08-30 00:00:00', '1'),
('10009', '10004', '10009', 'Ketty', 'kana', 'Perry', 'san', 'I am not a driver', 'Sing', '021654544', '1985-08-31 00:00:00', '123', 'Barisal', '100', '1', '2017-08-30 00:00:00', '1', '2017-08-30 00:00:00', '1'),
('10010', '10005', '10010', 'Gal', 'kana', 'Gadot', 'san', 'I am not a driver', 'Dance', '021654544', '1985-08-31 00:00:00', '123', 'Dinajpur', '100', '1', '2017-08-30 00:00:00', '1', '2017-08-30 00:00:00', '1');


INSERT INTO `vehicles` (`id`, `owner_id`, `identification_number`, `number`, `number_class`, `number_hiragana`, `number_place`, `number_photo_id`, `type`, `capacity`, `manufacturer`, `model`, `created_at`, `created_by`, `updated_at`, `updated_by`) VALUES
('10001', '10001',  '100001', '1', '1', '1', 'Tok', '1', '1', '4', '1', 'Lx', '2017-08-30 00:00:00', '1', '2017-08-30 00:00:00', '1'),
('10002', '10002',  '100002', '2', '2', '1', 'Tok', '1', '2', '4', '2', 'rx', '2017-08-30 00:00:00', '1', '2017-08-30 00:00:00', '1'),
('10003', '10003',  '100003', '3', '3', '1', 'Tok', '1', '3', '3', '3', 'wex', '2017-08-30 00:00:00', '1', '2017-08-30 00:00:00', '1'),
('10004', '10004',  '100004', '4', '4', '1', 'Tok', '1', '4', '5', '4', 'Qwx', '2017-08-30 00:00:00', '1', '2017-08-30 00:00:00', '1'),
('10005', '10005',  '100005', '5', '5', '1', 'Tok', '1', '1', '4', '5', 'Red', '2017-08-30 00:00:00', '1', '2017-08-30 00:00:00', '1'),
('10006', '10001',  '100006', '1', '1', '1', 'Tok', '1', '2', '4', '6', 'Lx', '2017-08-30 00:00:00', '1', '2017-08-30 00:00:00', '1'),
('10007', '10002',  '100007', '2', '2', '1', 'Tok', '1', '3', '4', '7', 'rx', '2017-08-30 00:00:00', '1', '2017-08-30 00:00:00', '1'),
('10008', '10003',  '100008', '3', '3', '1', 'Tok', '1', '4', '3', '8', 'wex', '2017-08-30 00:00:00', '1', '2017-08-30 00:00:00', '1'),
('10009', '10004',  '100009', '4', '4', '1', 'Tok', '1', '1', '5', '9', 'Qwx', '2017-08-30 00:00:00', '1', '2017-08-30 00:00:00', '1'),
('10010', '10005',  '100010', '5', '5', '1', 'Tok', '1', '2', '4', '10', 'Red', '2017-08-30 00:00:00', '1', '2017-08-30 00:00:00', '1');


INSERT INTO `vehicle_images` (`id`, `vehicle_id`, `image_id`, `type`) VALUES 
('10001', '10001', '10011', '1'),
('10002', '10002', '10012', '2'),
('10003', '10003', '10013', '1'),
('10004', '10004', '10014', '2'),
('10005', '10005', '10015', '1'),
('10006', '10006', '10016', '1'),
('10007', '10007', '10017', '2'),
('10008', '10008', '10018', '1'),
('10009', '10009', '10019', '2'),
('10010', '10010', '10020', '1');


INSERT INTO `driver_vehicles` (`id`, `driver_id`, `vehicle_id`, `is_active`, `created_at`, `created_by`, `updated_at`, `updated_by`) VALUES 
('10001', '10001', '10001', true, CURRENT_TIMESTAMP, '1', CURRENT_TIMESTAMP, '1'), 
('10002', '10002', '10002', true, CURRENT_TIMESTAMP, '1', CURRENT_TIMESTAMP, '1'),
('10003', '10003', '10003', true, CURRENT_TIMESTAMP, '1', CURRENT_TIMESTAMP, '1'),
('10004', '10004', '10004', true, CURRENT_TIMESTAMP, '1', CURRENT_TIMESTAMP, '1'),
('10005', '10005', '10005', true, CURRENT_TIMESTAMP, '1', CURRENT_TIMESTAMP, '1'),
('10006', '10006', '10006', true, CURRENT_TIMESTAMP, '1', CURRENT_TIMESTAMP, '1'),
('10007', '10007', '10007', true, CURRENT_TIMESTAMP, '1', CURRENT_TIMESTAMP, '1'),
('10008', '10008', '10008', true, CURRENT_TIMESTAMP, '1', CURRENT_TIMESTAMP, '1'),
('10009', '10009', '10009', true, CURRENT_TIMESTAMP, '1', CURRENT_TIMESTAMP, '1'),
('10010', '10010', '10010', true, CURRENT_TIMESTAMP, '1', CURRENT_TIMESTAMP, '1');


