
INSERT INTO `requests` (`id`, `passenger_id`, `type`, `source`, `source_address`, `destination`, `destination_address`, `arrival_time`, `distance`, `expired_at`, `cancelled_at`, `cancelled_by`, `is_online_payment`, `status`, `created_at`, `created_by`, `updated_at`, `updated_by`) VALUES
('10001', '10001', '1', GeomFromText('POINT(23.790596 90.405221)'), 'holy', GeomFromText('POINT(23.790512 90.405458)'), 'devils', '10', '100', '2018-02-28 00:00:00', NULL, NULL, '1', '0', '2017-08-30 00:00:00', '1', '2017-08-31 00:00:00', '1'),
('10002', '10002', '2', GeomFromText('POINT(23.790596 90.405221)'), 'home', GeomFromText('POINT(23.790512 90.405458)'), 'office', '20', '300', '2018-05-24 00:00:00', NULL, NULL, '1', '1', '2017-08-30 00:00:00', '1', '2017-08-31 00:00:00', '1'),
('10003', '10003', '1', GeomFromText('POINT(23.790596 90.405221)'), 'home', GeomFromText('POINT(23.790883 90.403587)'), 'office', '30', '400', '2018-02-28 00:00:01', NULL, NULL, '1', '2', '2017-08-30 00:00:00', '1', '2017-08-31 00:00:00', '1'),
('10004', '10004', '2', GeomFromText('POINT(23.790512 90.405458)'), 'home', GeomFromText('POINT(23.790596 90.405221)'), 'office', '40', '200', '2017-11-25 00:00:02', NULL, NULL, '1', '3', '2017-08-29 00:00:00', '1', '2017-08-31 00:00:00', '1'),
('10005', '10005', '1', GeomFromText('POINT(23.790512 90.405458)'), 'home', GeomFromText('POINT(23.790596 90.405221)'), 'office', '40', '100', '2017-11-24 00:00:30', NULL, NULL, '1', '4', '2017-08-28 00:00:00', '1', '2017-08-31 00:00:00', '1'),
('10006', '10003', '1', GeomFromText('POINT(23.790596 90.405221)'), 'home', GeomFromText('POINT(23.790883 90.403587)'), 'house', '50', '400', '2017-11-23 00:00:50', NULL, NULL, '1', '5', '2017-08-30 01:00:00', '1', '2017-08-31 00:00:00', '1'),
('10007', '10004', '2', GeomFromText('POINT(23.790512 90.405458)'), 'home', GeomFromText('POINT(23.790596 90.405221)'), 'dorm', '60', '200', '2017-11-22 00:01:00', '2017-08-25 00:00:00', 'DRIVER', '1', '6', '2017-08-25 00:00:00', '1', '2017-08-31 00:00:00', '1'),
('10008', '10005', '1', GeomFromText('POINT(23.790512 90.405458)'), 'home', GeomFromText('POINT(23.790596 90.405221)'), 'hostel', '70', '100', '2017-08-31 00:50:00', NULL, NULL, '1', '7', '2017-08-30 00:00:00', '1', '2017-08-31 00:00:00', '1');

INSERT INTO `driver_requests` (`id`, `request_id`, `driver_id`, `arrival_time`, `distance`,`expired_at`, `created_at`, `created_by`, `updated_at`, `updated_by`) VALUES
('10001', '10001', '10001', '550', 10, '2018-02-28 00:00:00', '2017-08-17 17:55:24', 1, '2017-08-17 17:55:24', 1),
('10002', '10002', '10002', '500', 20, '2018-05-24 00:00:00', '2017-08-17 18:15:48', 1, '2017-08-17 18:15:48', 1),
('10003', '10003', '10003', '100', 30, '2018-02-28 00:00:01','2017-08-17 18:15:48', 1, '2017-08-17 22:28:15', 1),
('10004', '10004', '10004', '1000', 20,'2017-11-25 00:00:02', '2017-08-17 18:15:48', 1, '2017-08-17 18:15:48', 1),
('10005', '10005', '10005', '800', 20, '2017-11-24 00:00:30','2017-08-17 18:15:48', 1, '2017-08-17 18:15:48', 1),
('10006', '10006', '10003', '100', 30, '2017-11-23 00:00:50','2017-08-17 18:15:48', 1, '2017-08-17 22:28:15', 1),
('10007', '10007', '10004', '700', 70,'2017-11-22 00:01:00', '2017-08-17 18:15:48', 1, '2017-08-17 18:15:48', 1),
('10008', '10008', '10005', '900', 50, '2017-08-31 00:50:00','2017-08-17 18:15:48', 1, '2017-08-17 18:15:48', 1);

 INSERT INTO `payments` (`id`, `payment_method`, `charge_id`, `card_brand`, `card_number`, `amount`, `status`, `created_at`, `created_by`, `updated_at`, `updated_by`) VALUES 
 ('10001', '1', '12345', 'VISA', '9999', '1001', '1', '2017-10-01 00:00:00', '1', '2017-10-02 00:00:00', '1'), 
 ('10002', '1', '987456', 'Mastercard', '8888', '1002', '1', '2017-10-01 00:00:00', '1', '2017-10-02 00:00:00', '1'),
 ('10003', '1', '752654', 'Mastercard', '7777', '2002', '1', '2017-10-01 00:00:00', '1', '2017-10-02 00:00:00', '1'),
 ('10004', '0', null, null, null, '3002', '0', '2017-10-01 00:00:00', '1', '2017-10-02 00:00:00', '1'),
 ('10005', '1', '65445', 'Mastercard', '5555', '4002', '2', '2017-10-01 00:00:00', '1', '2017-10-02 00:00:00', '1'),
 ('10006', '0', null, null, null, '2002', '1', '2017-10-01 00:00:00', '1', '2017-10-02 00:00:00', '1'),
 ('10007', '1', '111111', 'VISA', '6666', '3002', '0', '2017-10-01 00:00:00', '1', '2017-10-02 00:00:00', '1');

INSERT INTO `orders` (`id`, `owner_id`, `request_id`, `driver_id`, `vehicle_id`,`payment_id`, `vehicle_info`, `accept_location`, `source`, `destination`, `accepted_at`, `started_at`, `ended_at`, `standby_at`, `standby_location`, `estimated_fare`, `fare`,`tips`, `status`, `created_at`, `created_by`, `updated_at`, `updated_by`) VALUES
 ('10002', '10002', '10002', '10002', '10002', '10002', '{"identification_number": "100002", "number":2,"number_class":2,"number_hiragana":"1","number_place":"Tok","capacity": 4,"manufacturer": "Bugati","model": "rx","images": [{"type": "INSIDE","url": "https://goo.gl/ejpLQa"}]}', GeomFromText('Point(23.790512 90.405458)'), GeomFromText('Point(23.790473 90.405935)'), GeomFromText('Point(23.790964 90.403650)'), '2017-08-30 00:00:00', '2017-08-30 00:00:00', '2017-08-30 00:00:00', '2017-08-30 00:00:00', GeomFromText('Point(23.790512 90.405458)'), '1005', '950', '100', '1', '2017-08-30 00:00:00', '1', '2017-08-30 00:00:00', '1'),
 ('10003', '10003', '10003', '10003', '10003', '10003', '{"identification_number": "100003", "number":3,"number_class":3,"number_hiragana":"1","number_place":"Tok","capacity": 3,"manufacturer": "BMW","model": "wex","images": [{"type": "OUTSIDE","url": "https://goo.gl/ejpLQa"}]}', GeomFromText('Point(23.790512 90.405458)'), GeomFromText('Point(23.790473 90.405935)'), GeomFromText('Point(23.790964 90.403650)'), '2017-08-30 00:00:00', '2017-08-30 00:00:00', '2017-08-30 00:00:00', '2017-08-30 00:00:00', GeomFromText('Point(23.790596 90.405221)'), '500', '570', '200', '0', '2017-08-30 00:00:00', '1', '2017-08-30 00:00:00', '1'),
 ('10004', '10004', '10004', '10004', '10004', '10004', '{"identification_number": "100004", "number":4,"number_class":4,"number_hiragana":"1","number_place":"Tok","capacity": 5,"manufacturer": "Ferrai","model": "Qwx","images": [{"type": "INSIDE","url": "https://goo.gl/ejpLQa"}]}', GeomFromText('Point(23.790596 90.405221)'), GeomFromText('Point(23.790473 90.405935)'), GeomFromText('Point(23.790964 90.403650)'), '2017-08-30 00:00:00', '2017-08-30 00:00:00', '2017-08-30 00:00:00', '2017-08-30 00:00:00', GeomFromText('Point(23.790512 90.405458)'), '600', '650', '100', '1', '2017-08-30 00:00:00', '1', '2017-08-30 00:00:00', '1'),
 ('10005', '10005', '10005', '10005', '10005', '10005', '{"identification_number": "100005", "number":5,"number_class":5,"number_hiragana":"1","number_place":"Tok","capacity": 4,"manufacturer": "Toyota","model": "Red","images": [{"type": "OUTSIDE","url": "https://goo.gl/ejpLQa"}]}', GeomFromText('Point(23.790596 90.405221)'), GeomFromText('Point(23.790473 90.405935)'), GeomFromText('Point(23.790964 90.403650)'), '2017-08-30 00:00:00', '2017-08-30 00:00:00', '2017-08-30 00:00:00', '2017-08-30 00:00:00', GeomFromText('Point(23.790596 90.405221)'), '100', '95', '400', '0', '2017-08-30 00:00:00', '1', '2017-08-30 00:00:00', '1'),
 ('10006', '10003', '10006', '10003', '10003', '10006', '{"identification_number": "100003", "number":3,"number_class":3,"number_hiragana":"1","number_place":"Tok","capacity": 3,"manufacturer": "BMW","model": "wex","images": [{"type": "OUTSIDE","url": "https://goo.gl/ejpLQa"}]}', GeomFromText('Point(23.790512 90.405458)'), GeomFromText('Point(23.790473 90.405935)'), GeomFromText('Point(23.790964 90.403650)'), '2017-08-30 00:00:00', '2017-08-30 00:00:00', '2017-08-30 00:00:00', '2017-08-30 00:00:00', GeomFromText('Point(23.790512 90.405458)'), '500', '570', '200', '1', '2017-08-30 00:00:00', '1', '2017-08-30 00:00:00', '1'),
 ('10007', '10004', '10007', '10004', '10004', '10007', '{"identification_number": "100004", "number":4,"number_class":4,"number_hiragana":"1","number_place":"Tok","capacity": 5,"manufacturer": "Ferrai","model": "Qwx","images": [{"type": "INSIDE","url": "https://goo.gl/ejpLQa"}]}', GeomFromText('Point(23.790596 90.405221)'), GeomFromText('Point(23.790473 90.405935)'), GeomFromText('Point(23.790964 90.403650)'), '2017-08-30 00:00:00', '2017-08-30 00:00:00', '2017-08-30 00:00:00', '2017-08-30 00:00:00', GeomFromText('Point(23.790596 90.405221)'), '600', '650', '100', '1', '2017-08-30 00:00:00', '1', '2017-08-30 00:00:00', '1');
 

